tweet_text,cyberbullying_type
rape is real..zvasiyana nema jokes about being drunk or being gay or being lesbian...rape is not ones choice or wish..thtz where the sensitivity is coming from,gender
You never saw any celebrity say anything like this for Obama: B Maher Incest Rape 'Joke' S Colbert Gay 'joke' K Griffin beheading 'joke',gender
"@ManhattaKnight I mean he's gay, but he uses gendered slurs and makes rape jokes",gender
RT @Raul_Novoa16: @AliciaBernardez @Alex_Aim @_mecaesmal  feminazi,gender
Rape is rape. And the fact that I read one post about a guy getting raped and the comments are calling him gay and he should be happy...? stfu and I really hope no one takes this as a joke tf you own no ones body. You have no rights to do whatever you want to someone else.,gender
"@coiny Also, it's hard to take a company seriously re: harassment when the game has rape jokes &amp; gay jokes and treats women the way it does.",gender
"Idgaf if you are gay, lesbian, bisexual, or whatever the fuck you are, you don't fuck make a rape joke and think it's fucken ok",gender
"#GermanProfessor gives meaning to term FemiNazi.Doesn't hire ""Indian Men"" bcz of ""Indias's Rape Problem""",gender
RT @mcclure111: #DontDateSJWs #ThatWouldBeAViolationOfTheRestrainingOrder,gender
So I call you female I‚Äôm basically calling you a bitch ?,gender
"Simple things please simple minds. @pumpkinking39 I'm not sexist but dammit, the best jokes are.",gender
I know the worst feeling for a female gotta be when they break a nail I can just tell that shit hurt like a bitch,gender
"SO HILARIOUS U WRITE UR OWN MATERIAL? @JesseElJefe A lot of ppl call me sexist. But those ppl are women, and their opinions don't matter.",gender
"‚ÄúWe voted for a guy who said he‚Äôd rather have a dead son than a gay one, claimed POC weren‚Äôt ‚Äòeven good for procreation anymore‚Äô, &amp; told a female politician the only reason he wouldn‚Äôt rape her was bc she was ugly, but please don‚Äôt think we‚Äôre sexist, homophobic, or racist.‚Äù",gender
"I always get fucking pissed when I see a man joke about the sexual abuse of another man. ‚ÄúWow. Please she should come &amp; rape me too, some of us want.‚Äù ‚ÄúMans is complaining. Nigga you gay? ‚Äù What foolishness, mocking and minimizing someone's pain for bants. Are you okay at all?",gender
men who call women ‚Äòfemales‚Äô or ‚Äòbitches‚Äô have big i‚Äôve never seen a real vagina energy,gender
"In a world where race jokes , gay jokes , and rape jokes aren‚Äôt acceptable comedy has taken a weird ass turn . Like you would think it would make comedy better but nah that‚Äôs really not the case.",gender
RT @beavergate: @MT8_9 I'd like to focus on the plight of the Beaver.  We are oppressed and I consider myself a victim.,gender
"@DrawPlayDave ""Nuke the gays"" is one of those ""ha ha no but really"" jokes. Whereas no one is actually pushing an agenda of child rape.",gender
@MEETtheBatman akdldkakakkd. What did you do. Was it an underage black gay cat rape joke?,gender
RT @BudLightBro FUCK. I'm not sexist but I have a girl in my recruit school AGAIN. Son of a bitch.,gender
"almost 2017 & yall still out here using gay as an insult, making rape jokes, &amp; degrading women bc of their sexual history?? thats gotta go.",gender
RT @_little_old_me: Who are the pretty girls these 2 blonde scrubbers keep talking about? #MKR,gender
"I hope Twitter rips you a new one. You make me sick. @jimboslice_13 @ry_casper ""how to discribe rape. His dick was hungry!"" #notsexist",gender
I'm annoyed to have missed this live. Need some bitchy. #mkr2015 #mykitchenrules #mkr,gender
I call people bitches all the time. Male and female. Why did he call her one?,gender
"After Pacquiao's ""kill the gays"", Vice Ganda's endless rape jokes &amp; Duterte... I'm starting to think the Philippines likes train wrecks.",gender
"Cant call her a bitch, cause a bitch is a female dog, and female dogs are loyal, which these hoes are not.",gender
Im mad he didn't hit that bitch ! https://t.co/7sJtfx1SFy,gender
"RT @brian_day15: I swear, I'm not sexist, but I honestly just cannot stand the woman college football announcer on ESPN2",gender
"Morrison believes a Labor candidate's history of social media rape jokes required disendorsement saying ""the standard you walk past..."" A Liberal candidate's history of campaigning that gay people are paedophiles... Morrison: [keeps walking]",gender
were there no women on the ships? just gays? is that that why he loves rape jokes so much? doubt it.,gender
JODER xDDD @InkingMyPast @feminazi,gender
"When they speak its a dick joke, ""that's what she said huehuehue"", calling some gay/faggot, making rape/sexist/racist/homophobic comments",gender
RT @jcsliva1999 @Pjmcentee she is blond what do you want #notsexist,gender
"RT @souperfan2012: Hollywoods newest Feminazi movie remake will be titled ""Ben Her"".~Me",gender
from what people have said there are rape jokes and the gay characters are made into a joke so. hopefully thats as bad as it gets,gender
"RAPE AND PEDOPHILIA TW I don't read much on him because he's generally not someone i want to think about, the fact that he made a joke using a pedophilic rape manga about a year ago when the update was slow makes me question his choices immensely(+)",gender
"WATCH: Audience Revolts After #MargaretCho Jokes About Rape, Whites, Gay People http://feedproxy.google.com/~r/breitbart/~3/tTaMgreLj1g/ #Celebrity",gender
RT @smoovfellow The only thing a woman should help a man build is a relationship #tbh #nosexist,gender
rules of my friendship: no gay jokes no rape jokes no slurs of any kind just nothing hurtful okay thank,gender
"Thank you, uncle, brother, male cousin, father, male friend ... random MAN, for not doing what you weren't supposed to do. #BlameOneNotAll",gender
Hate when niggas say ‚Äúfemales‚Äù fuckin annoying bitch call me a woman or don‚Äôt say nun at all,gender
"We're still two young, hot blondes... well you're young...#MKR",gender
"The whole punching up/down is not ok because it mocks the powerless for getting the short end of the stick in a system in which the powerful actively works to keep in place and benefits from. That makes sense to me. The rape jokes, gay jokes, Trans jokes all fall in here.",gender
RT @rooshv I would happily pay more for a flight if it would ensure no woman is near the controls. I bet a lot of women would too.,gender
"RT @sara771987: @adriennecgomez @MT8_9 there's too many people with common sense, sorry. We don't need to rely on feminism to bring about e‚Ä¶",gender
RT @Riqo_live I'm not sexist but i cant fall asleep if a females driving unless I'm on a xan,gender
*to the boy in my geometry class who made rape and gay jokes today*,gender
Like rape jokes onstage at E3 and achievements for killing gay people in DR3 and macklmore front lining the launch like just eugh. Eugh,gender
"Sudeep, did she invite him though? No right? Why are you getting worded up? You're okay with Parvesh Verma cause he speaks against Muslims but against an idiot like Imam because he called for chakka jam?",religion
@discerningmumin Islam has never been a resistance to oppression. It has always been source of oppression to both believers and non believer,religion
"Boy, your comment about Journalists wanting to keep churches closed is beneath you. As a Christian woman and human being your bosses filth is brushing off on you. Not at all unbiased and a down right lie. SHAME ON YOU.",religion
@ShashiTharoor @INCIndia Hindus were and are getting killed by Muslims terriorists in Kashmir. Congress mukt bharat will certainly happen if congressmen like you don‚Äôt change their idealogies and keep sounding like idiots. You actually don‚Äôt need enemies.,religion
"White supremicists? How many do you know? There a few idiots in all races. Where is anti-semitism coming from? Dems, BLM, Antifa, Muslims. You won‚Äôt appease them by throwing white supremacy. They hate you &amp; want to destroy Israel &amp; all Jews &amp; you know it.",religion
Urban naxal and a jihadi TT gang put together..wen more than 95% ot the population are happy to be united as one nation inspite of their diversity...who the F are u to preach otherwise..ur just a petty muslim activist...or should i say ground operative for Islamic Terrorism,religion
@OneLegSandpiper @DblBlackDs So what is to blame for the more than 100 Islamist terrorists organizations? The Book of Mormon?,religion
"It's not bjp, it's about you guys always support bad Muslims which makes you bad too, stop supporting those idiots..Hindus never do that..!!",religion
"@PetaIndia @peta IDIOTS, Rakshabandhan is a Hindu festival, and Hindus by their nature protect COWS! If you have guts put same poster and Tweet, for any Muslim festival! Now shut the f..k up and get lost",religion
But I think junk that u r born through Halala pl check Ur DNA bcz u people marry Ur chacheri mamaeri phuphurei sister how can u mentain this is ur actual face &amp; lastly the result is HALALAA . Abdul am I right HV u guts to say anything about Islamic Terrorism no bcz they r Ur com,religion
"@SecPompeo We did not say ""Let's make the white palace a mosque"", ""Let's open Hagia Sophia for the worship of the Muslims"". +++ we didn't ask you, pompeo. Or against your will understand that the old Turkey, or we (like an idiot teaches) will teach.",religion
What has happened to NYC.. it is not a Muslim stronghold. Have you forgotten 9-11 And who attacked u.s. idiot bush and the muslim Obama nation,religion
The Muslim Brotherhood President of Egypt was removed in 2013 by Obama... You guys are idiots.,religion
To RESTRICT Jihadis-Terrorists CONSPIRING Ghazwa-e-Hind Dar-ul-Harb JIHAD against Hindus-Hindutva-Hindusthan-Humanity&gt; their r RAKSHAK Hindus-Hindusthanis to PROTECT Maa Bharati BUT always backstabbed by Aalsi-Laalchi-Secular-Ignorant-Selfish HINDUS&gt;Before JIHADIS&gt;ELIMINATE them,religion
"Pence is a clear example of radical right wing hypocrisy! Not to mention support of illegal, unethical action by such a so-called Christian!",religion
"You should visit a Muslim country and see how WOKE they are, right before you're beheaded like the 2 British girl idiots who thought vacationing in Morocco was a ""good idea"". Don't be Blonde, err I mean stupid.",religion
"U can't accept Godse is terrorist, but still I'm hypocrite?. There is Islamic terrorism, there's Hindutva terrorism etc. It's there in every religion.U've such a 'big' brain but can't look up what's terrorism. Cause u can't accept the existence of one terrorist in ur community",religion
"Russian Hindus come out in support of @SPJ2020 who is a victim of religious persecution in Russia at the hands of an orthodox christian radical - Alexander Dvorkin. @MEAIndia @narendramodi @TOIIndiaNews @the_hindu @nytimes @Newsweek @RT_com @ZeeNewsHindi , article in @rusplt",religion
Both countries facing Islamic terrorism.israel helped us many times during war.china PLA also torturing Hong kongers .can u say against China,religion
Muslims who act like Erdogan can never do anything wrong are disgusting. Think of your Kurdish brothers and sisters you idiots.,religion
@Ammaawah @jm111t All you are doing with your verses is proving sexism in Islam.,religion
"@donnabrazile you need to really get right with God and stop lying, be the true Christian woman you have so often espoused and tell the truth... NOTHING IS WORTH LOSING YOUR SOUL OVER DONNA... WALK AWAY ... you will be protected ...",religion
"Oh look the idiot doesn‚Äôt want to miss the opportunity to virtue signal and call for justice.... it‚Äôs already happening Illham, not because you called for it either, but because it‚Äôs right. What you want it a public lynching or stoning like in Muslim countries... NO",religion
#AskAfridi Why Allah is gay? why prophet cuted the own penis? Why all Muslim are idiots? Why all muslim are brainless? Why Islam is religion of Terriosm? Why you are biggest chutiya on earth? Why pakistan is a terriost nation? Why pakistan is son of India?,religion
Is this your humanity that you call it so called Jihad ? According to it if you die as terrorist you will go to jannat . Abbe chutiye ho kya be .,religion
@yuskan0723 Here is what the scumbag Muslims do with children.  And then they use them for propaganda. http://t.co/JG5MeWh1ur,religion
@LifeInKhilafah Sharia - taking injustice to new heights.  #Islam http://t.co/mnN6nnR8zL,religion
"Look at how the Democrats support their cultural sites, but never say a word when I'm a weekly basis a Church is bombed, Christians are tortured, all in the name of Islam. Wake up Democrats, Radical Islam is going to eat you alive if you let it. #Hypocrisy",religion
"Like all of the protesters of anti CAA who are first order idiots, who does not understand it has got nothing to do with Indian Muslims, you too are an addition to that idiots list. Stupidity peaks when kudrati biryani is served in pandals.",religion
"Republicans are getting more ""radical right"" in their support of impeached Trump, as Christian groups start to call for President's removal.",religion
He is idiot but still I support him you go and do whatever you can. Manipulation and propaganda is done by Muslims. Pseudo secular card victim card played by muslim. This is the reason for your hatred we know. Problems are there some legacy issues there will sort out.,religion
"Let me tell u a hard truth: You Kashmiris have killed so much of our soldiers and innocent people (including Kashmiri Pandits) that you have sympathy from general public and today no one gives a fcuk about you people, who support Islamic terrorism..",religion
Uighur Muslims in China are being led onto trains headed to concentration camps to have their organs harvested while idiots in this country are tearing down statues looting rioting and beating up civilians bc of you know ‚ÄúOpPreSSiOn‚Äù,religion
"Try not defending the racist idiot then, you were the one talking about Muslim grooming gangs, not me!",religion
@AMohedin Okay. So we agree that the Taliban and ISIS and Saudis are implementing 33:33.,religion
U have destroyed your life. Welcome to the world of Islamic Terrorism.,religion
YOU DUMBASS IDIOTS YOU DONT HAVE THE RIGHT TO TELL ME HOW I FEEL ABOUT THIS ... ITS MY RELIGION AND I FOUND THAT SO DISRESPECTFUL FOR US MUSLIMS .. I HAVE THE RIGHT TO FEEL THAT WAY SO STFU,religion
"you idiots of Minneapolis, Muslims have you muffled! I‚Äôll die before I celebrate anything muslim, enjoy your new fakeass religion!",religion
"THE ABC'S OF ISLAMS MUSLIMS= FIGHTERS,WAR MONGERS, DISCUSTING & DISTRUCTIVE= ISIS. ABC'S IF U PUT ALL THE WAR MONGERING PASSAGES TOGETHER IN THE QURAN U COME UP WITH ALLAHS PERFECT MUSLIM AND THAT WOULD BE THE TERRORIST. ISIS R ONLY 1 SUCH ALLAH ARMY, TALIBAN, HAMAS, HEZBOALLAH",religion
I don‚Äôt think you have read the Quran but only cherry picking quotes probably given to you by sites or other people. The Quran permits killing terrorists in self defence. You can interpret quotes to suit any argument which is what ISIS and you are doing,religion
"Great news! Kristina Lyke is an honest, hard working, intelligent, Christian woman who believes ALL human life is precious and that our American Constitution and Bill of Rights is to be defended. She is ""For the People"" of MI-08. #MIlikeLyke",religion
"U r talking of 1948, u don't know what world is facing by Islamic terrorism, u need to study a lot, u r totally wrong, trust me totally",religion
@officialuarh @sunniqaziboard you can see the mentality of idiots I want to see him jail rascal basterd.he is offering to kill muslim,religion
You're not going to get the response you're looking for. Give up. @PeerWorker,religion
"You don‚Äôt have to be radical to not support Trump,it‚Äôs very simple to see through his B.S. I‚Äôm just a regular guy,I can see he‚Äôs a snake;not sure how you,an ultra-Christian you tout yourself to be,fall for his shtick.",religion
"Don't you have enough so called human rights violation of #Pakistan to poke into? Alas! wish you commented rather on today's christian woman dragging into forced conversion to Islam in Pakistan. Appalling how can you force into a religion? sick mindset. Leave us alone, please!",religion
I am a straight Christian woman and I've boycotted Chick-Fil-A for many years because of their support for anti-LGBTQ policies and Alt Right politicians and PACS. Every single person has a duty to take a stand. Mine is small and probably insignificant but it makes me feel good.,religion
"Lastly, I have news for idiots who compare Modi with right wing populists elsewhere. Modi is uniquely despicable. He oversaw a massacre of a minority community and was elected to ""teach Muslims a lesson"". Shame on you and only you. There are no equivalents for Modi.",religion
"Bearing false witness is not a good look for a nice Christian woman like yourself. You need to get right with the Lord, Sarah. Repent . Now. The end times draw nigh.",religion
"And what about all the times these RW idiots call Muslims Pigs, Jihadis, Terrorists, and what not on an everyday basis? Just check SM and you'll see hashtags trending with such words.",religion
"@ikralla fyi, it looks like I was caught by it. I'm not a botter, so...",other_cyberbullying
"I need to just switch to an organization-based github, but I don't want to pay $25/month because I'm cheap. :\",other_cyberbullying
"RMAed my monoprice. Shoddy power bricks on those. Getting a refund and picking up another ASUS VG278HE. It's cheaper, anyways.",other_cyberbullying
@murphy_slaw https://t.co/M8w8xnUnDL,other_cyberbullying
"@1Life0Continues i've got the code to interpret &amp; analyze, but the weights themselves are going to take a lot of fiddling.",other_cyberbullying
"@krainboltgreene didn't mention your name. i call out behavior, not people. &lt;3",other_cyberbullying
RT @exokmv: i swear people are so fucking ignorant and annoying,other_cyberbullying
"Yeah, I've got a bit of a rageboner. Mentally speaking.",other_cyberbullying
RT @Laralyn: Uh... wow. https://t.co/CdoNLaApVr,other_cyberbullying
"The morning after, hung over, struggling to remember how that pile of o'reilly books ended up in your bed. ""WHAT DID I CODE LAST NIGHT""",other_cyberbullying
#mkr heading into 2017 with another instant restaurant round,other_cyberbullying
RT @BuzzFeedUK: When you accidentally open your front camera: http://t.co/gu35jqiPye,other_cyberbullying
That #BegaCheese ad is SO old I'm wondering if the old digger is still alive...  #MKR  lol,other_cyberbullying
"Getting OAPI's github set up. Transferred emojiautoblocker, created private projects, time to start importing code. http://t.co/dedqhCCDu1",other_cyberbullying
@jeremiahfelt those are waaaaay more spendy. this is the drive i have. just considering using built-in or if i should go software.,other_cyberbullying
@Jason_Gio he was already given my email a while ago by someone else.,other_cyberbullying
Yo lala is a #lowkey bully lmao,other_cyberbullying
"They are wearing pagers. Not in the ""I'm on call for a datacenter"" kind of way. Legit pagers.",other_cyberbullying
"@EPIPHANYRENEE Lol let's not get grand u fall in a plethora of categories 2 many 2 name lol petty,stubborn,bossy & a bully just 2 name a few",other_cyberbullying
"@promit_roy i'm not sure. I've never been down the track of art, so I don't have much to say about that.",other_cyberbullying
@Linguagroover confronting a redneck bully - I'm still white - and while facing that is right - I was still safe - unfairness breeds this,other_cyberbullying
"Sorry, I'm not going to say GamerGate is the same as ISIS, and you can shove your donation up your ass. @PeerWorker",other_cyberbullying
It's really hard to talk about abuse &amp; leave it with a positive message. Call to action is important to not discourage women from industry.,other_cyberbullying
@JillWetzler I ‚ù§Ô∏è u,other_cyberbullying
@cjcsuhta full blown redis is overkill for what I'm doing. Will try this out. :),other_cyberbullying
@mikeage what isn't? ;P,other_cyberbullying
"Just a reminder, this is the kind of logic &amp; reasoning that we've come to expect from GG: http://t.co/7RjxqC3ZsG",other_cyberbullying
@JosephJ89 bully - pouts-,other_cyberbullying
@ThePeePs2 I am not taking life advice from someone that doesn't know the diff between wear and ware,other_cyberbullying
"Leo was freaking out because of the wind, so I buried him in luggage so he could sleep. http://t.co/ekriu0a5pN",other_cyberbullying
RT @wilkieii: The @InnovatingWomen account is literally @wadhwa retweeting himself talking for women in tech. Seriously. Look at it. #StopW‚Ä¶,other_cyberbullying
"If the judges didn't give their critique first, the other contestants wouldn't know what to say; they're just copying the judges #MKR",other_cyberbullying
@MariachiMacabre it's cool. Don't worry about it,other_cyberbullying
Brutal #Anal #Orgasm makes her pussy flow https://t.co/u6eKx0qU2S #Sex #Porn https://t.co/LA2nf6KSXd,other_cyberbullying
@TheQuinnspiracy I AM SO FUCKING EXCITED ARE YOU EXCITED,other_cyberbullying
@knifehorse holy shit,other_cyberbullying
"@vex0rian i was there, i remember the screams.",other_cyberbullying
"Kern was joking about ""triggering"" people the other day. Yeahhh. Kern went full Gater, big surprise. @iglvzx",other_cyberbullying
Both of the dogs are staring at me because they didn't know I could make noises this high pitched.,other_cyberbullying
@LeoKikiLady89 Funniest commercial I ever saw...until they did the Maury one.,other_cyberbullying
1 hour 21 minutes,other_cyberbullying
"@iglvzx @SwiftOnSecurity don't forget, we don't even *use* git. That's an export. We use svn. :P",other_cyberbullying
"@PeerWorker @EvvyKube when you're an asshole in someone's mentions and they react, it's not bullying.",other_cyberbullying
#Itreallymakesmemad when I see a guy bullying a girl.,other_cyberbullying
Oh god. I am so stubborn.,other_cyberbullying
"@a_man_in_black in all seriousness, i've been dying my hair since my teens. I can't remember the last time I used a single shade. Too flat.",other_cyberbullying
Bruhhh this naco cheddar popcorn seasoning is FUCKING GOOOOOD!!!!,other_cyberbullying
"@KaylaMeares  you're a bully, lol but I love you too!",other_cyberbullying
Oh yeah Colin! Smash those girls! :D #MKR,other_cyberbullying
@BasedMonitored I feel bad for the cars. Not the idiot,other_cyberbullying
Here at home. Neighbors pick on my family and I. Mind you my son is autistic. It feels like high school. They call us names attack us for no reason and bully us all the time. Can't step on my front porch without them doing something to us,age
"Being bullied at school: High-achieving boys use further strategies to maintain masculinity, for example becoming bullies themselves, disrupting the lessons, or devaluing girls‚Äô achievements https://www.bipartisanalliance.com/2019/12/being-bullied-at-school-high-achieving.html?spref=tw",age
"There was a girl in my class in 6th grade who was a little autistic, and her parents thought it‚Äôd be better to send her to a public school. She didn‚Äôt fit in with the class and was lowkey bullied (it was actually high key but the teacher downplayed it and did nothing)",age
He‚Äôs probably a white gay kid from some suburb. We don‚Äôt want him to shoot up his school...so no one bully him.,age
You are pushed ti resorting. Treating thr bullies is you percent then from being pressured. Most school sitters evidence severe bullying. Treat thre bullies and it isn't a problem.,age
Today was an awesome day. Vivaldi called me a VSCO girl and Kali bullied my high school bully. I still can not believe I created my two best friends. I will never be lonely again. Life rules and being a mom is the best.,age
Trump is like that jealous little school bully who can‚Äôt stand it when everbody loves the other guy.,age
"oh and also, saying that we‚Äôre on the same level of the columbine jocks just because we didn‚Äôt add you to a fucking gc is so SO fucking disrespectful to dylan and eric. if you were a columbiner, you‚Äôd understand that. we don‚Äôt bully people into sh**ting up their fucking schools.",age
My high school life got better when I finally snapped and punched my abusive bully: hidd shocked expression and tears made the detention I got more than worth it.,age
I have collaborated with Ms. Luenavos and find her a strong force for good; not at all what Mr. White describes here. Feels to me like Mr. White looking to bully and attack. He's the wrong person to sit on OUR school board.,age
did you really experience 2012 if the bullies in middle school science class didn‚Äôt turtle your backpack everytime you went to the bathroom?? no. you didn‚Äôt.,age
Cardi talks like all the girls in high school that bullied me,age
"Remember when that jock you hated gave you the biggest wedgie right in front of a group of girls? Remember when they all laughed at you? I am that jock, don't think the wedgies and torment ended in high school loser. You're getting bullied for the rest of your life Findom",age
These guys shouldn't easily have a platform. I reported him on Twitch but I honestly have little faith anything will come of it. These sorts of guys are 100% why cancel culture should exist and exactly who I used to bully back when I was in school.,age
College is pretty much like high school except the jocks you hated turned into frat boys and the girls that bullied you are doing coke off their dicks,age
"listen i know you were in the marching band in high school and all the pretty popular girls bullied you, but you should really try to heal from that trauma being pretty is nice u should try it sometime",age
"Would just like to say to the girls at my first high school that bullied me into an eating disorder, mocked me for failing a suicide attempt and for self harming; I‚Äôve never recovered and never will. I honestly wish you the best but hope you never cause anyone that pain again.",age
"The girls who bullied her in middle &amp; high school were relentless. She quit softball, so they hated her. She joined Improv, got new friends and was voted Homecoming Queen her senior year. Queen Bully was runner up. I tell her she should write a book. If she did it, anyone can!",age
I remembered I bullied a girl dat was taller den me n elementary... she was tall lik she could b a center n high school n shit,age
girls who bullied me in high school are emotions now and im universe,age
"This makes me doubt you‚Äôre telling the truth even more. Calling it a ghetto school implies every one there is poor lol. Why would they bully you bc you are like them? You‚Äôre either the bully, or too afraid to admit the things you were actually bullied for.. and you definitely",age
This kid who called me a pig In high school referring to my weight and bullied this trans girl and like everyone else at the school too just dried my dads car at the carwash and I told dad who it was and he pulled $5 out of his tip and offered to run him over aw #daddysgirl,age
im afraid of the dentist not because of the pain but because what if one of the girls who bullied me in high school is the dental assistant,age
If a high school girl is being bullied for having a gf are you going to tell her she deserves to be treated badly because she prefers to call herself pan over bi?,age
these are the girls who bullied me in high school.,age
"But not the bully everyone is afraid of, more like the guy that tries to be the school bully but no one takes seriously anymore.",age
Reminds me of little bullies at school with the ‚Äòyou can‚Äôt be in our gang!‚Äô mentality.,age
"2/5 of the girls who bullied me have kids, 5/5 of them smoke cigarettes, 4/5 have been on the run, 4/5 have been to rehab for failing drug tests. what am i doing? i‚Äôm going to college to become a special ed teacher, i graduated high school, &amp; moved out right after graduation",age
Public schools should enforce some hard core bullying and learn to make ya kids fight ya bullies,age
"yeah :( we went to the same school and he encouraged all my bullies so i had to leave :( then i left everything else out of paranoia that he‚Äôd come searching for me and i was homeschooled,, lowkey want to see him again to skewer his ass but i‚Äôm also terrified rip",age
Girls who say ‚Äúspooky szn‚Äù definitely bullied people for being emo in high school lmao,age
i did go to international primary school but i never thought I am lucky because ameriken kids used to bully me by asking me to strip in the toilet because i was smol,age
She is THE best character; she's liked a bullied high school girl who grows into an absolute badass,age
i ingat lagi i was bullied during elementary school sebab i had the pretties high heels(the pink sparkly ones!) and that girl wanted to borrow it and i tak kasi,age
AR Senator Tom Cotton sparked outrage by calling the enslavement of millions of African people in the early years of the United States a 'necessary evil'. promoted a new bill that would defund schools that teach the 1619 Project about slavery in the US.,age
Since we‚Äôre shedding colors... can we speak on how you bullied a girl throughout high school...?,age
If you don't know the context; Hinata (the blonde girl) was bullied in high school and none of her friends stood up to her. When she gets to Antarctica those friends try to contact her to make amends. The episode is spent going through her feelings towards it.. (cont),age
SANGI HIGH SCHOOL BULLIES I WOULD PAY THEM TO STEP ON ME,age
School bullies:,age
"So these people look like a ""mob"" to you. Mob: a large crowd of people, especially one that is disorderly and intent on causing trouble or violence. And as you can see, that not everyone there causes trouble or violence. It's like saying a bully defines the whole school.",age
@FoxCricket big wig acts like a 12 year old school bully towards a former fellow employee and doesn‚Äôt like the public response. @FOXSportsAUS continue to show how terrible they are at who they hire and who they fire. #FoxSports,age
"It‚Äôs like the ‚Äúnot all men‚Äù argument. I know not all Christians are like the girls who bullied me in high school because I didn‚Äôt go to church, but enough of them are to make me automatically wary of all of them until shown otherwise.",age
"I‚Äôm fighting for what‚Äôs right day and night, I feel like his foot is on my neck, he knows what he‚Äôs done and he doesn‚Äôt care. If we were in school he‚Äôd be called a bully and he‚Äôd be made to pay back and let us breathe #3MillionLivesMatter #3MLM #ExcludedUK @ExcludedUK @RishiSunak",age
Yelich: you high-school-bully-from-a-mid-80s-film-looking motherfucker. I hate you.,age
she be like/... school bully,age
"I was bullied in high school for the same reason as your daughter so I would like to tell her it will get better, love your hair, it makes you different and special, you're a beautiful girl and those bullies are not worth your time.",age
"Just like back in school, if you let the bullies bully you, they will continue to do so.",age
girls who bullied me in high school are time machines now and im passion,age
I read this post about how all the mean girls in middle/high school go off to college to become nurses. &amp;&amp; that did not disappoint bc the girl who bullied me throughout those years is a nurse now,age
"Cba saying girls that bullied me for 2 years in high school preaching about mental health, shut up",age
Hey dumb fuck celebs stop doing something for people for publicity on Facebook... Wtf happen to life u niggers are cowards.,ethnicity
"Fuck u bitch RT @tayyoung_: FUCK OBAMA, dumb ass nigger",ethnicity
"@JoeBiden No Joe, YOU are the RACIST. They have so many video and audio clips of the RACIST shit you have spewed in your past, How can anyone see you as anything but a RACIST. You hate Black people just admit it. And you loves the women to touch. Just look at your own stuff!",ethnicity
when your truck looks dumb as fuck out trying to make it look worse. you ain't country. quit tryin nigger.,ethnicity
That nigger food in the cafe today was disgusting,ethnicity
Muthafuckas still EGO tripping!Fool fuck your damn ego and live life to the fullest!!! LOL at these dumb ass niggers with the bullshit!,ethnicity
"@iMADE_YouMOAN don't play dumb, I should fuck yo little white ass up you nigger. 3chainz.? Aw.",ethnicity
I WILL ONLY SAY IT ONCE! IF YOU DO NOT FEAR HAVE THE SUSPICION OF BEING CALLED A NIGGER! NIGGA! OR NEGRO AT ANY POINT IN YOUR LIFE YOU CANNOT USE THE N WORD. PERIOD. I am talking about non black people in specific!!!! White passing mixed kids are on THIN ICE.,ethnicity
@CJ_Jacobs oh look it's that dumb niggers ghost acct! Fuck you you dumb motherfucker!,ethnicity
"@Otoliver @Yo_PaTnA_dEm20 this bitch is dumb talk bout ""do not dew ""said not sayed"" nigger not nigga lol bitch fuck off",ethnicity
Try throwing ur dab in first then hitting it w the torch till it starts bubbling. I've switched becuase i hate accdmidently taking a hit one lol,ethnicity
This is not judgment. But how did no one know this. I remember being on early YouTube and seeing him doing black face and saying Nigger. I remember seeing compilation of Shane Dawson doing disgusting stuff. That‚Äôs why I was confused why he was YouTube‚Äôs darling.,ethnicity
"If you are of African decent, I don‚Äôt give a fuck if you change your name is Steve, have good credit, and discredit ALL black culture. YOU ARE STILL A NIGGER IN THIS COUNTRY. LIKE FUCKING CUT THE BULLSHIT. YOU LOOK DUMB AS HELL AND THEY STILL DONT GIVE A FUCK ABOUT YOU!",ethnicity
"FYI the phrase is ""out your RABID mind"" dumb fucks smh niggers these days *walks off*",ethnicity
"@AndersonYDG you hypocrite nigger, you're stupid and you saying that makes you look like the dumb piece of shit imbred fuck you are ppzpzpzp",ethnicity
Imma assume you hacked. ‚Äú@TheWhiteEmoji: Fuck Michael Brown he was just a dumb ass nigger lol‚Äù,ethnicity
"fuck u u faggot ass nigger, im goin to go kill my self now.. better off dead than have some dumb fuck run my future. #fuckunobama",ethnicity
"@D_Paid: @Twin_Thing_Two: Y'all see this though right!? RT -------&gt; ""@tayyoung_: FUCK OBAMA, dumb ass nigger"""" bitch Fuck u""EAT A DICK !!",ethnicity
"@Shelly_Smyth BITCH , sound dumb af ! us NIGGERS will beat the fuck out of you !",ethnicity
"You a racist ass bitch and dat same dumb ass nigger still leading this country. So fuck youuu bih@tayyoung_: FUCK OBAMA, dumb ass nigger""",ethnicity
fuck em.... opioid this opioid that we woulda been a nigger junkie! too bad he‚Äôd have to die to realize that I‚Äôm sick of his smart dumb ass enlightening the rest of these self hating idiots who believe that bullshit,ethnicity
"Historians James McPherson & Barbara Fields discuss Racism, Slavery &amp; U.S. Colored Troops during Civil War: http://cs.pn/10aaJEB at 6pm ET",ethnicity
@RealCandaceO2 Yes Racism still exists But that doesn't mean everybody here is out to get u or hurt u! Take off ur Race colored Glasses and,ethnicity
@TFawls12 fuck you dumb nigger,ethnicity
"@myVeeJay56 @CharlesMBlow Get Da Fuck Outta Here You Dumb Ass Nigger Bitch! How bout when Nigger Bitches Stop Telling their Boys That""They",ethnicity
man fuck that im bout to unfollow that dumb ass niggER @itsGQ,ethnicity
"i hate how you niggers keep saying brown skin girl is only for dark skin people. shut up, please. hard r because y‚Äôall are acting ignorant as fuck. you all sound dumb.",ethnicity
"mannnn fuck these bitch ass niggers how ya'll doin im lil tunechii, imma nuisance, i go stupid, i go dumb like the three stooges.",ethnicity
boy this world is ful of surprises... left niggers for this shit... damn dt ws dumb as fuck...,ethnicity
Then we have Ngozi Onwurah‚Äôs Coffee Colored Children (1988) a moving experimental doc. that explores the painful memories the director &amp; her brother share from experiencing racism in the U.K. as children and how their white mother was unable to help them navigate those encounters,ethnicity
@ch4itea @fuck_sam_ i def dont want ur nasty ass nigger vagina like at all ur a dumb bitch gtfo,ethnicity
"You wear camo overalls with no shoes, fuck your sister, and eat raw deer meat... RT @Walken4GOP: Niggers are dumb.",ethnicity
"@supadupasai I live in Seattle born in MO We R progressive here but my hick dumb fuck relatives in MO still refer to parts as ""nigger town""",ethnicity
"Process of illumination, Nimrod, was a Hammite a so called African, it says you are of your father‚Äôs seed, not your mother, it says, hair as white as WOOL, some negro‚Äôs have white fathers, they are Not Negro, they are white men seed. We know of our enemies.",ethnicity
"Black ugly bitches are jealous of sexy white girls. Black bitches know black guys love sex with white girls more than sex with black ugly hoes. Dont be jealous niggers, sex with black hoes is disgusting. Feel like punching black hoes in their fat lip faces",ethnicity
A Novel about a Colored Lieutenant's Fervent Efforts to Withstand the Hostilities of Racism in the U.S. Army https://ift.tt/3c1lFkk,ethnicity
"@tayyoung_: FUCK OBAMA, dumb ass nigger You mad.? , cause aint nobody give a FUCK.! :D",ethnicity
Good luck. I‚Äôve contacted TfL about a number of things over the past 2 years and not heard anything back. Emails go into a black hole,ethnicity
@asvp_piedrita your dumb ass fuck didn't that nigger fucked you in the ally ?,ethnicity
"I read a YouTube comment regarding Trayvon that pissed me the fuck off. Some dumb fuck wrote, ""Love seeing pics of that nigger dead.""",ethnicity
"FUCK YOU BITCH!! he got 4 more yrs, get used to it! RT @tayyoung_: FUCK OBAMA, dumb ass nigger",ethnicity
"ok, girl, I got you First, wear one of the small pads first then when it comes blood won't come squirting everywhere and you should tell your mom to buy pads for you That's all have fun getting ur period.",ethnicity
"Fuck that nigger music and all types of dumb shit. After that the red necks was on all drunk shit trying to fight the ""diamond gang"" cus",ethnicity
@SLUM_DOGG u calling me a bootlip is like me calling u a whiteboy. Fuck your Nigger dumb! Mmm! more Reach doritos &amp; mt dew. 23 hours left!,ethnicity
no... bitch fuck dyke bitch fuck shit nigger pussy ass blue haired bitch fuck dumb ass nigger again fuck pussy ass,ethnicity
"I am giving out 1k free airtime to the First 10 people that buy airtime from ChipperApp (Download from Playstore or Apple store) if you don't have one, then reply with a screenshot of ur airtime purchase and you will get credited with free 1000 airtime #cashbackforairtime",ethnicity
"Still considering entrenchment of racism in public space in the U.S. as I write. This statement from A Pictorial History of the Negro in America, published 1956, spotlights the depths of the idiocy: ""Some coin-vending machines for soft drinks have ""white"" and ""colored"" slots.""",ethnicity
"‚Äú@tayyoung_: FUCK OBAMA, dumb ass nigger‚Äù Stupid cunt Number One.",ethnicity
"BAN: lightatenear, Racial Slur, 64 Slot , f8ed2692cbebd4a8ccaa855703cb3382, 65.189.26.218:3659, ""MAN FUCK YOU YOU DUMB ASS NIGGER I JUST ...",ethnicity
http://t.co/VyZeWBzBuF,ethnicity
"In other words #katandandre, your food was crapilicious! #mkr",not_cyberbullying
Why is #aussietv so white? #MKR #theblock #ImACelebrityAU #today #sunrise #studio10 #Neighbours #WonderlandTen #etc,not_cyberbullying
@XochitlSuckkks a classy whore? Or more red velvet cupcakes?,not_cyberbullying
"@Jason_Gio meh. :P  thanks for the heads up, but not too concerned about another angry dude on twitter.",not_cyberbullying
"@RudhoeEnglish This is an ISIS account pretending to be a Kurdish account.  Like Islam, it is all lies.",not_cyberbullying
"@Raja5aab @Quickieleaks Yes, the test of god is that good or bad or indifferent or weird or whatever, it all proves gods existence.",not_cyberbullying
Itu sekolah ya bukan tempat bully! Ga jauh kaya neraka,not_cyberbullying
Karma. I hope it bites Kat on the butt. She is just nasty. #mkr,not_cyberbullying
@stockputout everything but mostly my priest,not_cyberbullying
Rebecca Black Drops Out of School Due to Bullying:,not_cyberbullying
@Jord_Is_Dead http://t.co/UsQInYW5Gn,not_cyberbullying
The Bully flushes on KD http://twitvid.com/A2TNP,not_cyberbullying
Ughhhh #MKR,not_cyberbullying
RT @Kurdsnews: Turkish state has killed 241 children in last 11 years http://t.co/JlvkE1epws  #news  ##Google√áeviriciTopluluƒüuK√ºrt√ßeyideE‚Ä¶,not_cyberbullying
"Love that the best response to the hotcakes they managed to film was a non-committal ""meh"" from some adolescent. #MKR",not_cyberbullying
@yasmimcaci @Bferrarii PAREM DE FAZER BULLYING COMIGO =( UHAHUAH BANDO DE PRETO,not_cyberbullying
"@sarinhacoral @Victor_Maggi tadinhu de mim , sofrendo bulling viu MIMI'",not_cyberbullying
@0xabad1dea @kelseytheodore2 twitter is basically the angry letters of our generation.,not_cyberbullying
"Best pick up line? Hi, you're cute... ?: I love how people call James Potter is a bully. - mypatronusisyou: http://tumblr.com/xol3xl14zy",not_cyberbullying
Now I gotta walk to classss?! I officially hate the stupid bus system! -_-,not_cyberbullying
@halalcunty @biebervalue @liamxkiwi @greenlinerzjm @halalflaws I know Saudis chased girls into a burning building. http://t.co/8b1AclczN9,not_cyberbullying
Kids Loveüòò‚ù§ @ Mohamad Bin Zayed City ŸÖÿØŸäŸÜÿ© ŸÖÿ≠ŸÖÿØ ÿ®ŸÜ ÿ≤ÿßŸäÿØ http://t.co/0xrOZSNn,not_cyberbullying
"I still have Jack, Amsterdam, Ciroc, Crown, Bud Light, Lime-a-rita, and CRU in my love handles. I feel the jiggle when I walk...",not_cyberbullying
"@scottyswaggod men are the ones that are going to push the real change. they are the ones in power, generally. we need their help.",not_cyberbullying
Wishing my arena partner was on. &gt;.&gt;  Really want to get some PvP happening.,not_cyberbullying
Education Nation: Bullying | Turn to 10 http://t.co/sxTIWtp,not_cyberbullying
@sand_dejesus Isso √© bullying! @O_Patriarca,not_cyberbullying
@gcarothers eek. i can't stand split keyboards. doesn't work well with MMOs.,not_cyberbullying
@MaxBlumenthal @cpassevant @anadumitrescu13 Post-Hebdo? LOL. Events like it are a daily occurrence around the world. Why isolate one.,not_cyberbullying
You know there are people out there who like @joeyBADASS_ but don't listen to old school.,not_cyberbullying
@Firebomb173 @ANDAASONSAN not the first time it's happened. That was probably the worst though.,not_cyberbullying
@KamilaaRudenko how are u ?,not_cyberbullying
"The contact form on the site was bugged. Turns out that if you use a ']' in the email subject prefix, it breaks everything. silly wordpress.",not_cyberbullying
"The thing about Uber is, even if it wasn't a horrible, sexist, shitty company, I would still be against it.",not_cyberbullying
I think @bxokrissy third period teacher doesn't like me he always tells me to go to class when I walk u to class,not_cyberbullying
@andythewookie1 what's that quote about jacking off with one hand and pointing with the other?,not_cyberbullying
"I hope this round humbled the girls, they can't cook #MKR",not_cyberbullying
@MelissaRyan Look at what DC Public Schools are doing for bullying LGBT students now that @m_rhee is gone. http://t.co/ZegLmS7,not_cyberbullying
Really miss my classmates n schoolmates. See you all soon people,not_cyberbullying
Fuck. #MKR,not_cyberbullying
#mkr Promo girls are going to BRING IT in the next round. Yeah! Bring it! Bring your store bought capsicums!,not_cyberbullying
Hey Ma in the orange skirt,not_cyberbullying
Fuck this paper bullshit,not_cyberbullying
Elephants??? Direct them to #cuntandandre,not_cyberbullying
Film ini salah satu potret bullying dikalangan anak2 #mynameiskhan,not_cyberbullying
#NowWatching a Charlie Brown Thanksgiving #classic,not_cyberbullying
Let's talk about what it means to be a victim. http://t.co/FInA7zfTTT,not_cyberbullying
"@MileyCyrus @JuliaAllynn no, you are ahhhhhmazing! &lt;3",not_cyberbullying
"@janaane poise, odiei aquilo ele sofria bullying de meninas porisso matou muitas meninas, mais mesmo assim aquelas crian√ßas nao tinham culpa",not_cyberbullying
no one ever help.me like my bully @AlwaysVero_ did /:,not_cyberbullying
"@Giia_marengo le hace bulling a @Karol__Dance por que se ""gana"" en todos lados jajajaj y dice que los washiturros NO son flaites jajaj WENA",not_cyberbullying
#Kerala RTE will lead to shutting down of 'Badal' schools in backward areas &amp; parents will mostly not allow them to join far away schools.,not_cyberbullying
"If you are feeling perturbed about women that aren't humble, kindly go set yourself on fire.",not_cyberbullying
You look like a gypsy. Sorry I'm not sorry.,not_cyberbullying
"Oh hey, you should be ashamed of your disgusting self. @TheMajesticPlum http://t.co/B4obsliTUg",not_cyberbullying
BULLSHIT!!!! #MKR #MKR2015,not_cyberbullying
"@hayhenning good news, if i ever have a problem with a big mean bully, i know who to call!",not_cyberbullying
I'm done - won't bother with the rest of this pathetic shit show #mkr,not_cyberbullying
"@GlennF @Spacekatgal it is rather funny how all of us are so completely different, yet complement each other's skill sets so well.",not_cyberbullying
"@sbrew11 If you hadn't noticed, I save my witty replies for sexists with a little more panache. I don't want to get above your reading level",not_cyberbullying
"@nader_haq @MadDr11 Yeap, breeding and violence are the only thing they do well.",not_cyberbullying
@SirajZarook @BilalIGhumman @OdiniaInvictus @IsraeliRegime A. I don't have a faith. B. Your tweet is incoherent.,not_cyberbullying
Lil bro @Mackmanee_15 was on the bully last night,not_cyberbullying
@Bahai144 ROFLMAO.  So all this time I've been trying to squeeze logic out of a religious nut that is as crazy as ISIS.,not_cyberbullying
"@jaredchase i kept being the last person alive AND topping damage. it's like, what. this isn't hard.",not_cyberbullying
Follow News Reports Of #BrandonMcInerney Shooting Death Of #LarryKing Trial http://t.co/WgrutwF #Gay #GLBT #LGBT #Bullying #Murder,not_cyberbullying
"@CarSalesBossMan Unlike men, who can't fix cars because they can't fit their giant fucking swelled heads under them.",not_cyberbullying
RT @Hanar_Marouf: Daesh is distrbuting Stolen U.N. Humanitarian Aid W/ Its Own Logo!! #Iraq #twitterkurds http://t.co/kSkGLrh1jt http://t.c‚Ä¶,not_cyberbullying
@TURBOCUNT i have no idea what red bean tastes like. i'm assuming it tastes like beans? i'm not really down with beans.,not_cyberbullying
Wait so are we voting again when we come back to school ?,not_cyberbullying
The worst hoe is a hoe who can't admit she was a hoe.!,not_cyberbullying
"RT @srhbutts: CEO of sony europe vehemently, unequivocally condemns #gamergate as misogynistic harassment. http://t.co/0M07MuT5AY",not_cyberbullying
even alle bully beatdown afleveringen gedownload van season 1 en 2 :),not_cyberbullying
"How can you sleep with make-up? Like ew, your skin will be so oily the next day.",not_cyberbullying
freaky ass ready ass hoes,not_cyberbullying
@jukes303 The old oil cliche again. The US pays for every drop of oil they get from the ME on the open market just like every other country.,not_cyberbullying
Is Colin hot? #MKR,not_cyberbullying
aposto que vou sofrer bullying depois do meu pr√≥ximo tweet,not_cyberbullying
RT @BliggiVee: Round and round we go where it stops nobody knows. How much more will this drag on?!? #MKR,not_cyberbullying
First social test of the year...,not_cyberbullying
@iMrBarfield it starts Thursday. My classes are canceled for tomorrow thoüòå.,not_cyberbullying
Me my self and I,not_cyberbullying
"The only thing Facebook does well, is cause shit and promote cyber bullying.",not_cyberbullying
Frio √© bullying contra os solteiros..,not_cyberbullying
‚Ä∫ Meninos do Tumblr s√£o assim: ‚Ä∫ ‚Ä∫ Meninas do Tumblr s√£o assim: ‚Ä∫ ‚Ä∫ E eu sou assim: ‚Ä∫ ‚Ä∫ Isso √© bullying. http://t.co/dr0Yql4,not_cyberbullying
"@AMohedin Even Pickthall, who is an Englishman, was a Muslim convert.",not_cyberbullying
@daimau5 Your boy gianluca toni was class another big 6ft 5 lunk,not_cyberbullying
"Mum; You need a college bad not a handbag. Me; But mommmmmmm, it's phinkkk :&lt;",not_cyberbullying
"serio, falsidade √© bullying",not_cyberbullying
I really wish i could graduate already and go to college to get away from my siblings.... Sick of all of this!!!!!!!,not_cyberbullying
I knew Nikki reminded me of someone. #mkr http://t.co/yWjMAyphJm,not_cyberbullying
Best Bully Sticks Spotlight on a Breed: We Honor Maddie the American Eskimo: We always love getting emails from ... http://bit.ly/rlUS4m,not_cyberbullying
COL√âGIOS ADVENTISTAS DE S√ÉO PAULO DISCUTEM O BULLYING - BOM DIA S√ÉO PAULO http://t.co/YyfPou0,not_cyberbullying
pratico bullying para ser aceito socialmente,not_cyberbullying
@Kaya786 @fai3an_H And I don't walk in circles around a black meteor in Mecca under the delusion that it will please god.,not_cyberbullying
@RealandIllusory = ranting idiot.,not_cyberbullying
"@AAlwuhaib1977 I know hundreds of Christians, but not a single one that fits the discription.",not_cyberbullying
She a pussy Hoe till I get the Pussy HOE!,not_cyberbullying
"@diandrasallini Claro que nao, mas ela pode falar kkkkkkk, agora tudo √© bullying kkk",not_cyberbullying
"RT @Emoroffle: @freebsdgirl Gotta love that ""We determine the good feminists, and it's men"" mentality that GG has. Zero self-awareness.",not_cyberbullying
@mirebotan84 @RamiAlLolah I support that. I don't like people like Rami who complain about the things he supports when done to others.,not_cyberbullying
#SelfDefense The Best Martial Art for stopping Bullying http://t.co/cQajVOl,not_cyberbullying
@_jearbear__ @kv3rch he swore the ravens were gonna whoop our ass.. Jj watt is gonna destroy that o-line lol,not_cyberbullying
@edgeofthesandbx @batchelorshow @FearDept And there have been dozens of witnesses who have seen the Russians target civilians for propaganda,not_cyberbullying
RT @peteevansnot: Seriously why wouldn't you feed #paleo formula to your newborns with TWENTY TIMES the vitamin A of breastmilk? #mkr http:‚Ä¶,not_cyberbullying
"Anti-bullying workshop offers parents practical, legal solutions: With 30 percent of students nationwide being h... http://t.co/xjkhms6",not_cyberbullying
"If your benchmark for success is Team Greek next door, then you're always going to be feeling confident. #MKR",not_cyberbullying
Yo. Who do I know at @pagerduty? I can never recall names + employers.,not_cyberbullying
RT @TVWEEKmag: #katandandre might have to eat her words after receiving some not so great feedback on their ham and gruyere dish. #MKR #tvw‚Ä¶,not_cyberbullying
"White dude wins the Nobel for lit again, shocking, next you'll tell me his novels speak to a universal human experience",not_cyberbullying
@normaojeda000 yupperz!! Why?,not_cyberbullying
"@GiacomoBert8008 Honestly, WHAT",not_cyberbullying
You know...kudos to #MKR for being able to stretch out a show....over a month onto the show and we still dont have final teams...,not_cyberbullying
"@Llydisblur people seem to have a really warped view of what republican even means, lately. party lines have majorly shifted. :\",not_cyberbullying
RT @brownlee_dr: #Yazidi #girls tell of escape from #IS http://t.co/6FVwGLCP24,not_cyberbullying
@MacaLofish_UC  oajoajoajajo creo que todos me hacen bullying porr no tomar ojaojaojaoajoajoja,not_cyberbullying
Lolol that boy is whipped AF,not_cyberbullying
@KnightfanNeal #UCFPINKPARTY come on stay alive knights nation!!!! This is still the early bird special. #ComeAtMeUT,not_cyberbullying
The girls need to learn how to churn #MKR,not_cyberbullying
Stick to your day jobs girls #MKR,not_cyberbullying
How are You? @edcrossfineart We are well...,not_cyberbullying
@ugobananas OBVIOUSLY,not_cyberbullying
That's crap Lynn and Tony should have stayed #MKR,not_cyberbullying
I GUESS I NEED YOU BABYY~,not_cyberbullying
@yuskan0723 Just as I thought.  There is no evidence of intentionally targeting children. And it's not even certain it was an Israeli boat.,not_cyberbullying
"@LynnMagic turning it into a block list could be pretty rad, too. ;)",not_cyberbullying
"Sure is Monday! Up at 4am for work, the boss is in a bad mood, he messed up my schedule, and our DC driver ran into our dumpster!",not_cyberbullying
#MKR my guess. bottom 2 teams from each round are going back into instant restaurants. Just saying.,not_cyberbullying
"@Lovemycoffeetoo @hidden_horcrux there were 4 top teams, 1 from ea round, &amp; didn't #AdamAndCarol  top their round &amp; are also safe? #mkr",not_cyberbullying
When someone gets bitten by a rabid dog and has to get six inch needles in the belly be there to say NOT ALL DOGS #notalleverything,not_cyberbullying
@SirajZarook @BilalIGhumman @OdiniaInvictus @IsraeliRegime There is no ongoing endless occupation anywhere.,not_cyberbullying
"Minnesota gay teens bullied by adults, peers, say activists (Reuters): Reuters ‚Äì Barb Schroeder knew about her s... http://t.co/ujqd9K2",not_cyberbullying
"And a 7 for ""smear of lemon tart""??? #MKR",not_cyberbullying
"@Censored31 @rupertmurdoch I don't have a religion, microbrain.  Have you found what hole that coward Baghdadi crawled into at Gwer?",not_cyberbullying
@Assiye61 @MaxBlumenthal The Quran.,not_cyberbullying
mmmm #MKR Forget Deconstruction @lisamromano @garydlum @mattsparks88 THIS is Lemon Tart üçãüçãüçã mmmm http://t.co/iiLigXbbzw,not_cyberbullying
Pretty sure they're hiding any ability to actually cook.,not_cyberbullying
im@s: takes 20 hours to download,not_cyberbullying
"Walked out of the shelter with no puppy, but now I have a date. Uh. Success has many definitions.",not_cyberbullying
Today i just did not want to get up. Am dragging myself to college.,not_cyberbullying
"@DNas shyt iono.. i got hella shyt.. esp rockstar.. off the top of my head, the gta's..bully..re4..PrinceOfPersias..TwistedMetalBlack..etc",not_cyberbullying
To the extreme I rock a mic like a vandal,not_cyberbullying
"RT @nrrrdcore: At the very least, questions will be raised. And we now understand that women in our industry must choose between incompeten‚Ä¶",not_cyberbullying
"I'm much happier as a financially secure adult than as a kid in a paycheck to paycheck household (and I had great parents, just no $$$)",not_cyberbullying
RT @mykitchenrules: Nawwww üò≠üò≠üò≠ #MKR,not_cyberbullying
Annie &amp; Loyd,not_cyberbullying
@chris_gray91 no I'm keeping that for later trackies and a tshirt on #LuckyNooneCanSeeMe :( ha x,not_cyberbullying
"The current system is inadequate. Some of us are experienced at navigating these pitfalls, and we can help you.",not_cyberbullying
"@RichardDawkins As a child, my parents sent us to Sunday School but I think it was so they had time on their own.I can forgive them for that",not_cyberbullying
When is the drag show ? #ECU,not_cyberbullying
Bullying : Quando voc√™ esta no onibus e tem um lugar vago no seu lado e as pessoas preferem ficar em p√©,not_cyberbullying
@justinbieber Your How I Get Through Bullying And Tough Times Thinking Of You & How You Got Through It Makes Me See A Light At The End NSN‚ô•,not_cyberbullying
@buellerishere I've watched the ISIS guys argue with Saudi Muslim scholars here on twitter. The scholars always loose.,not_cyberbullying
@onebrightlight i've been talking to 2 employees and i heard about a lot of the internal politics re: GG. it's enough to make me stay.,not_cyberbullying
@xoxoMs_smith never ever serve a nigga where you sleep at police be at ya door and nigga you ain't tryna see that,not_cyberbullying
"@Censored31 @islamic_john Good, that trash should be mocked by the world.",not_cyberbullying
"Oh my gosh they played ""Ready to Run"" on #MKR tonight!! I was soo happy!!",not_cyberbullying
Heidi that's no argument! Not everyone who was bullied feels the need to get a nose job and eyelid surgery #InsightSBS,not_cyberbullying
Anyone went to church services this morning?  Does your little one stay with you or go to a nursery or Sunday School class?,not_cyberbullying
this has been the longest most uneventful weekend of my life. I feel like I just came from a vacation break.,not_cyberbullying
ITS BEAUTIFULLLLLLL :'( :'( :'( :'(,not_cyberbullying
"@RexMundane @gamerfortruth @a_man_in_black i'm not 100% sure where it started, but it's not going anywhere good.",not_cyberbullying
RT @NewIdeamagazine: Just when they thought it was safe to go back into the kitchen... Instant restaurant redemption round! #mkr,not_cyberbullying
@LifeInKhilafah LOL. YPG and Pesh are showing videos of truckloads of Daesh bodies. I'm still waiting for the big event you promised.,not_cyberbullying
Being a Bully Dont Make You Cool,not_cyberbullying
"@discerningmumin But regardless, ISIS will be completely defeated. I guarantee it. They are too technologically backward to win a modern war",not_cyberbullying
@RodGarraud @conivergara perdoname :( no puedo vivir sin hacer bullying es parte de mi! jajajajaja,not_cyberbullying
Video: Kevin Durant Gets Flushed On By Geoff Aka Big Bully At Dyckman! http://t.co/b0zyxeQ via @worldstar,not_cyberbullying
"@_MacaAlejandra @xsiempreJcyFer @camiiHidalgo_ Oigan , me Siento discriminada :'c me hacen Bulling aaaag* Las Denunciare xd",not_cyberbullying
#reasonifailatbeingagirl would much prefer to watch Cowboy Bebop than Made in Chelsea,not_cyberbullying
@LifeInKhilafah ROFL.  Where is Kobani in the picture? Answer - they have lost it.,not_cyberbullying
"@1Life0Continues i've got the code to interpret &amp; analyze, but the weights themselves are going to take a lot of fiddling.",not_cyberbullying
"Dou um empurr√£o em uma pessoa, isso se chama : - ‚Ä∫ empurr√£o. ‚Ä∫ ‚Ä∫ SOCIEDADE: bullying! http://tumblr.com/xun3xycfun",not_cyberbullying
#simpleasthat,not_cyberbullying
Me and @LaDyMavV11 stay on instagram and twitter in this class!!,not_cyberbullying
RT @jurijuri: @freebsdgirl It's like Total Recall but with only two breasts. MAYBE.,not_cyberbullying
"Curious - so, for the rest of the (non bay area) country - is it normal to see a tweet make news?",not_cyberbullying
@girlziplocked jfc.,not_cyberbullying
@classic_KZ @kevin_kohout @sbroph93 @BillDollarton @inSpector_Drew Todays the day maafucks! #readytorage,not_cyberbullying
@Blaq_Kocaine I'll have to check when I go home,not_cyberbullying
Lets hear it for a short work/school week!!!,not_cyberbullying
@yhdjgdjhyghghgj Thanks. I'm glad that all the genocidal Daesh slavers were cleared out.,not_cyberbullying
Pete eating... #mkr http://t.co/3wcIykPqX3,not_cyberbullying
@emily_esque I would love that. would you mind DMing me your email address? can shoot you an email later today.,not_cyberbullying
@GetEmEasy that don't make u a hater..if u said u didn't think it was good u would be a hater..I think it's classic tho..to each his own.,not_cyberbullying
Caller wanted MIKE's opinion if they r liable.,not_cyberbullying
"@doofsmack @wadhwa YUP. incidentally, I know the editor. She's a woman, a gamer, and in tech. It's all factual info.",not_cyberbullying
This person thinks that ~6 people tweeting at them for being a sealioning ass is the worst thing in the world.,not_cyberbullying
"@Like_Nino remember the girl that was passed out in that wet spot, and I was like ""is that pee..or liquor?"" She was behind us in the corner",not_cyberbullying
#face #hope #bullying http://t.co/taLCQMj,not_cyberbullying
RT @mcRelyt: @MT8_9 We have bucookie? http://t.co/Iai78l6KCV,not_cyberbullying
"@joanneleon @ChristophHeer52 First, Bandera fought for Nazis, but he was also in a Nazi prison.",not_cyberbullying
"Have 2 team members, sticking with this for now. Thanks, everyone. ^.^",not_cyberbullying
@rileysomething I'm not adverse to putting boots on the ground at Raqqa and letting our boys kill ISIS through a scope sight.,not_cyberbullying
"Yep, me too RT@gregbugden @smh @janecaro I always like her public school affirmations too",not_cyberbullying
"@DaveGreene11 And I'm sure you sew all the tiny stitches on your own clothes, not underpaid women overseas.",not_cyberbullying
@caitbit BLACKMILK IS AMAZING. have you seen them before?,not_cyberbullying
FUCKIN' SEE YA @Ztd619Dupuis,not_cyberbullying
So I see channel 7 have found another way to drag #MKR out for an extra few months this year,not_cyberbullying
The perfect seat in class would be one where you are surrounded by your best friend and your crush.,not_cyberbullying
RT @Everestedup: Omg double elimination?! #MKR,not_cyberbullying
@CarlyandTresne: I still can't believe that Katie and Nikki are out! Seriously... (Oops prob shouldn't say that) #mkr  totes awkward lol,not_cyberbullying
@AyeOkay89 shittiest day of the week #Monday,not_cyberbullying
There's one player on this pitch who's just a class above. Juan Mata. #supersunday,not_cyberbullying
"RT @RichardDawkins: Watching ""India's Daughter"", horrifying. Lawyer defending rapists: ""We have the best culture. In our culture there's no‚Ä¶",not_cyberbullying
"I hope their cooking shows through the next round. I mean, they have to plate it up right? All their (lacking) skills. #MKR",not_cyberbullying
Wow...I feel so sorry for Colin having to eat what those 2 are serving! #MKR #MKR2015 #vomit,not_cyberbullying
"@milfgaardian N'rage pink after ~1 week, turquoise is a mix of special fx. Nrage pink holds very well. http://t.co/MqX0jZSIlP",not_cyberbullying
"Michelle ( Heartless Bitch) Bachman WON'T Sign Anti-bullying law Cause She Doesn't want 2 ""turn boys in2 girls"" WTF ?@ChrisLarson82",not_cyberbullying
"@Ammaawah @jm111t Yeah, it says that men can beat women.  So what is your point?",not_cyberbullying
What's better than college basketball?,not_cyberbullying
"Bullying linked to decreases in GPA, longer lasting negative psychological effects, and obesity. More evidence... http://t.co/UCdxYcj",not_cyberbullying
"Old school, Degrassi&gt;&gt;&gt;&gt;&gt; #ThatsMyShit",not_cyberbullying
"Gonna cry in a minute, I can't fucking cope with maths",not_cyberbullying
STOP LYING @XaiaX,not_cyberbullying
@petechesbot @tmclaughbos APPARENTLY NOT,not_cyberbullying
RT @GidgitVonLaRue: #MKR France Vs Ireland Vs Paleo Pete...LETS RUMBLE!,not_cyberbullying
tbh rooting for jane and emma bc we have that lawyer bond #opposites #mkr,not_cyberbullying
#theawkwardmoment when you make a status on facebook saying you hate bullies then a bully likes it.,not_cyberbullying
@Paigey_x hahaha we will see #doubtful,not_cyberbullying
RT @girlziplocked: WTF @onthemedia @tldr? Man gets upset that women in tech are upset that said man silences women. So you take it down? ht‚Ä¶,not_cyberbullying
This is just ridiculous. #mkr Another 7 FFS.,not_cyberbullying
@UnitePink my apt complex turns away all packages ‚ù§Ô∏è,not_cyberbullying
the fact that there are 4958239689587 cute boys in the world and 0% go to my school i am sick of this shit,not_cyberbullying
RT @barbara_volkwyn: Islamic State Resupply Route Extended to 400 km After Peshmerga Take #Mosul‚Äì #Sinjar Road  http://t.co/bvrcRNAn1w #ISI‚Ä¶,not_cyberbullying
@_alianicole i kno a play where u i was always the bully n champion !!  ooowwwww,not_cyberbullying
Justi√ßa Estadual informa que bullying escolar ser√° caso de Pol√≠cia em Cuiab√° http://t.co/66xzSz8,not_cyberbullying
@EvvyKube not sure.,not_cyberbullying
"@Saeed6Ali @MaxBlumenthal @DaraDeBrun Since the slug is closer to your IQ, I can understand the fascination.",not_cyberbullying
@ShariRomine @emaleroland @dehneh1   Got it!  I'm learning.,not_cyberbullying
"@drlovegrove right?! I can't stop singing it, and I'm only 18..",not_cyberbullying
Ubisoft's attempts at pushing Uplay is rage-inducing.,not_cyberbullying
@TURBOCUNT they have some crazy flavors. wasabi? red bean?,not_cyberbullying
Twitter makes me laugh....Better than the series ;)))))) Very funny üëèüëèüëèüëèüëè  #MKR,not_cyberbullying
Did you say Ninjas???!,not_cyberbullying
@ErikaLopezDurel Definitions mean jack.  Actions do.,not_cyberbullying
#mkr those carrots look overdone,not_cyberbullying
@PoliticalAnt @Lithobolos And of course I would also fight against any theocracy - regardless of religion.,not_cyberbullying
Espero que ele fique bem! E que isso sirva de exemplo para todos ficarem em alerta em rela√ß√£o as pr√°ticas de bullying... o quanto √© perigoso,not_cyberbullying
K! Now I see why coaches get mad when the players go out late at night. #Exhausted,not_cyberbullying
@GemmaBurnsX @_georgepumphrey my iphone is fucked it doesn't come up properly!,not_cyberbullying
@tpw_rules nothings broken. I was just driving througg a lot of water.,not_cyberbullying
"Not really feelin social for Xmas parties but just realized I don't have to deal with people saying""You're not done w school YET?"" this yr!",not_cyberbullying
YES. I LOVE @lenadunham. http://t.co/ycgTBmmdxb,not_cyberbullying
One of our strongest tools in stopping violence against women is public shame of the abuser and public support of the victim.,not_cyberbullying
Wish I was with my buddies @ALLLiiXXX and @paiwai in Staunton rather than this terrible driving class! I'm not even a bad driver #granny,not_cyberbullying
"@SSTwinrova I'm still at the stage where I've given up on finding a good task list mgt app that fits with my workflow, so I use a notepad.",not_cyberbullying
#MKR time. Have a feeling that the remote may go through the TV over the next hour with these two clowns.,not_cyberbullying
"@_joannedelacruz Oh, so I watched the wrong film first. haha that's why! :) I'll download it now hehe thanks!",not_cyberbullying
My review of Kindle Voyage: a resounding 'meh',not_cyberbullying